{"w": [-0.0049657835990460876, 0.003679326571748606, 8.673617379884035e-19, 0.011450531776949869, 0.03132603701277528, 0.004757188208170232], "b": 0.4097895525483437}