{"mean": [16.561788555555946, 64.723324, 0.0, 0.695353663210366, 54.977482, 12.270964], "std": [10.404634426921515, 22.655863163931908, 1e-06, 2.9994622595718248, 97.92913300341831, 5.451989858275502]}